{
  "project_info": {
    "project_number": "269117602435",
    "firebase_url": "https://passio-app-default-rtdb.firebaseio.com",
    "project_id": "passio-app",
    "storage_bucket": "passio-app.appspot.com"
  },
  "client": [
    {
      "client_info": {
        "mobilesdk_app_id": "1:269117602435:android:0de0b7b68ee4403fae79b6",
        "android_client_info": {
          "package_name": "com.passio.customer"
        }
      },
      "oauth_client": [
        {
          "client_id": "269117602435-5itmbh2847hnk69iv4vlohiesc158r85.apps.googleusercontent.com",
          "client_type": 1,
          "android_info": {
            "package_name": "com.passio.customer",
            "certificate_hash": "83fa08234f279430a5556b9fe8dfae25e01b4d42"
          }
        },
        {
          "client_id": "269117602435-bgjc9a9n4hm5ltvmdpajb6div1nbrsi4.apps.googleusercontent.com",
          "client_type": 3
        }
      ],
      "api_key": [
        {
          "current_key": "AIzaSyCLR011zF03HRubIsjiIMIuzJPMSyedJbg"
        }
      ],
      "services": {
        "appinvite_service": {
          "other_platform_oauth_client": [
            {
              "client_id": "269117602435-bgjc9a9n4hm5ltvmdpajb6div1nbrsi4.apps.googleusercontent.com",
              "client_type": 3
            },
            {
              "client_id": "269117602435-njvkptjr5k8qmvl30i91dljlfn6fd795.apps.googleusercontent.com",
              "client_type": 2,
              "ios_info": {
                "bundle_id": "com.zennittech.passio"
              }
            }
          ]
        }
      }
    },
    {
      "client_info": {
        "mobilesdk_app_id": "1:269117602435:android:4e5ee8154b95b01bae79b6",
        "android_client_info": {
          "package_name": "com.passio.driver"
        }
      },
      "oauth_client": [
        {
          "client_id": "269117602435-spn3gu6rsckskshp84ko3fn7n8s79240.apps.googleusercontent.com",
          "client_type": 1,
          "android_info": {
            "package_name": "com.passio.driver",
            "certificate_hash": "1cf0d6c0d5e1296a21d4ef41d58f54e21ed41aa1"
          }
        },
        {
          "client_id": "269117602435-bgjc9a9n4hm5ltvmdpajb6div1nbrsi4.apps.googleusercontent.com",
          "client_type": 3
        }
      ],
      "api_key": [
        {
          "current_key": "AIzaSyCLR011zF03HRubIsjiIMIuzJPMSyedJbg"
        }
      ],
      "services": {
        "appinvite_service": {
          "other_platform_oauth_client": [
            {
              "client_id": "269117602435-bgjc9a9n4hm5ltvmdpajb6div1nbrsi4.apps.googleusercontent.com",
              "client_type": 3
            },
            {
              "client_id": "269117602435-njvkptjr5k8qmvl30i91dljlfn6fd795.apps.googleusercontent.com",
              "client_type": 2,
              "ios_info": {
                "bundle_id": "com.zennittech.passio"
              }
            }
          ]
        }
      }
    },
    {
      "client_info": {
        "mobilesdk_app_id": "1:269117602435:android:671109593f357731ae79b6",
        "android_client_info": {
          "package_name": "com.passio.store"
        }
      },
      "oauth_client": [
        {
          "client_id": "269117602435-bgjc9a9n4hm5ltvmdpajb6div1nbrsi4.apps.googleusercontent.com",
          "client_type": 3
        }
      ],
      "api_key": [
        {
          "current_key": "AIzaSyCLR011zF03HRubIsjiIMIuzJPMSyedJbg"
        }
      ],
      "services": {
        "appinvite_service": {
          "other_platform_oauth_client": [
            {
              "client_id": "269117602435-bgjc9a9n4hm5ltvmdpajb6div1nbrsi4.apps.googleusercontent.com",
              "client_type": 3
            },
            {
              "client_id": "269117602435-njvkptjr5k8qmvl30i91dljlfn6fd795.apps.googleusercontent.com",
              "client_type": 2,
              "ios_info": {
                "bundle_id": "com.zennittech.passio"
              }
            }
          ]
        }
      }
    },
    {
      "client_info": {
        "mobilesdk_app_id": "1:269117602435:android:9fd25478956a3074ae79b6",
        "android_client_info": {
          "package_name": "com.passioap.com"
        }
      },
      "oauth_client": [
        {
          "client_id": "269117602435-bgjc9a9n4hm5ltvmdpajb6div1nbrsi4.apps.googleusercontent.com",
          "client_type": 3
        }
      ],
      "api_key": [
        {
          "current_key": "AIzaSyCLR011zF03HRubIsjiIMIuzJPMSyedJbg"
        }
      ],
      "services": {
        "appinvite_service": {
          "other_platform_oauth_client": [
            {
              "client_id": "269117602435-bgjc9a9n4hm5ltvmdpajb6div1nbrsi4.apps.googleusercontent.com",
              "client_type": 3
            },
            {
              "client_id": "269117602435-njvkptjr5k8qmvl30i91dljlfn6fd795.apps.googleusercontent.com",
              "client_type": 2,
              "ios_info": {
                "bundle_id": "com.zennittech.passio"
              }
            }
          ]
        }
      }
    },
    {
      "client_info": {
        "mobilesdk_app_id": "1:269117602435:android:c7864d92dc54e8c7ae79b6",
        "android_client_info": {
          "package_name": "com.passioapdriver.com"
        }
      },
      "oauth_client": [
        {
          "client_id": "269117602435-bgjc9a9n4hm5ltvmdpajb6div1nbrsi4.apps.googleusercontent.com",
          "client_type": 3
        }
      ],
      "api_key": [
        {
          "current_key": "AIzaSyCLR011zF03HRubIsjiIMIuzJPMSyedJbg"
        }
      ],
      "services": {
        "appinvite_service": {
          "other_platform_oauth_client": [
            {
              "client_id": "269117602435-bgjc9a9n4hm5ltvmdpajb6div1nbrsi4.apps.googleusercontent.com",
              "client_type": 3
            },
            {
              "client_id": "269117602435-njvkptjr5k8qmvl30i91dljlfn6fd795.apps.googleusercontent.com",
              "client_type": 2,
              "ios_info": {
                "bundle_id": "com.zennittech.passio"
              }
            }
          ]
        }
      }
    }
  ],
  "configuration_version": "1"
}
